year,unemployment_rate
2000,22.01190512722158
2001,22.095570713391737
2002,22.062449709983955
2003,22.065728251454026
2004,22.048859972070584
