region,unemployment_rate
North,28.170266796933713
East,27.638901011308725
Central,25.18319573701591
West,19.63582991674422
South,16.812847008788395
