rural_urban,unemployment_rate
Rural,23.171395842512116
Urban,22.13078546318859
