state,unemployment_rate
Bihar,32.13748165160517
Uttar Pradesh,30.160568407466243
Rajasthan,26.1427237786993
Madhya Pradesh,25.18319573701591
West Bengal,23.159999005815976
Maharashtra,20.123603922361504
Gujarat,19.152671606669003
Karnataka,18.152684926029586
Tamil Nadu,17.132463224256977
Kerala,15.169432645180454
