education_level,unemployment_rate
Postgraduate,25.383768468972125
Graduate,23.403556680404947
Higher Secondary,21.37721024473989
Secondary,20.428041131621185
