LFPR,unemployment_rate,salary_expectation
1.0,-0.10178117395844381,-0.0016296756798796156
-0.10178117395844381,1.0,0.0009059631613512886
-0.0016296756798796156,0.0009059631613512886,1.0
