,state,unemployment_rate
0,Bihar,32.13748165160517
1,Uttar Pradesh,30.160568407466243
2,Rajasthan,26.1427237786993
3,Madhya Pradesh,25.18319573701591
4,West Bengal,23.159999005815976
5,Maharashtra,20.123603922361504
6,Gujarat,19.152671606669003
7,Karnataka,18.152684926029586
8,Tamil Nadu,17.132463224256977
9,Kerala,15.169432645180454
