gender,unemployment_rate
Female,23.907425898991924
Male,21.816640414490536
